0,internalSampleID,externalSampleID,project,contact,validationLog,labStatusPhase,labStatusComments,lastUpDate,sequencingStartDate,sequencer,run,flowcell,lane,barcodeMenu,seqType,prepKit,capturingKit,arrayFile,arrayID,GAF_QC_Name,GAF_QC_Date,GAF_QC_Status,GCC_Analysis,GCC_QC_Name,GCC_QC_Date,GCC_QC_Status,TargetDateShipment,DataShippedDate,DataShippedTo,DataShippedBy,Comments,barcode,barcodeType
,1208,2048,RNAseqSebo,Sebo Withof <s.withof@umcg.nl>,*Bad GCC_QC_Status*,Finished Successfully,"50 bp run, pool 1",,121113,SN163,0482,BC1B32ACXX,1,RPI 02 CGATGT,SR,SmallRNA,None,,,Pieter,20121116,Failed,No,,,,,,,,,CGATGT,RPI
,1209,2049,RNAseqSebo,Sebo Withof <s.withof@umcg.nl>,*Bad GCC_QC_Status*,Finished Successfully,"50 bp run, pool 1",,121113,SN163,0482,BC1B32ACXX,1,RPI 03 TTAGGC,SR,SmallRNA,None,,,Pieter,20121116,Failed,No,,,,,,,,,TTAGGC,RPI
,1210,2050,RNAseqSebo,Sebo Withof <s.withof@umcg.nl>,*Bad GCC_QC_Status*,Finished Successfully,"50 bp run, pool 1",,121113,SN163,0482,BC1B32ACXX,1,RPI 04 TGACCA,SR,SmallRNA,None,,,Pieter,20121116,Failed,No,,,,,,,,,TGACCA,RPI
,1211,2051,RNAseqSebo,Sebo Withof <s.withof@umcg.nl>,*Bad GCC_QC_Status*,Finished Successfully,"50 bp run, pool 1",,121113,SN163,0482,BC1B32ACXX,1,RPI 05 ACAGTG,SR,SmallRNA,None,,,Pieter,20121116,Failed,No,,,,,,,,,ACAGTG,RPI
,1212,2055,RNAseqSebo,Sebo Withof <s.withof@umcg.nl>,*Bad GCC_QC_Status*,Finished Successfully,"50 bp run, pool 1",,121113,SN163,0482,BC1B32ACXX,1,RPI 09 GATCAG,SR,SmallRNA,None,,,Pieter,20121116,Failed,No,,,,,,,,,GATCAG,RPI
,1213,Serum_0102,RNAseqSebo,Sebo Withof <s.withof@umcg.nl>,*Bad GCC_QC_Status*,Finished Successfully,"50 bp run, pool 1",,121113,SN163,0482,BC1B32ACXX,1,RPI 33 CAGGCG,SR,SmallRNA,None,,,Pieter,20121116,Failed,No,,,,,,,,,CAGGCG,RPI
,1214,CSF_473,RNAseqSebo,Sebo Withof <s.withof@umcg.nl>,*Bad GCC_QC_Status*,Finished Successfully,"50 bp run, pool 1",,121113,SN163,0482,BC1B32ACXX,1,RPI 27 ATTCCT,SR,SmallRNA,None,,,Pieter,20121116,Failed,No,,,,,,,,,ATTCCT,RPI
,1215,H2O,RNAseqSebo,Sebo Withof <s.withof@umcg.nl>,*Bad GCC_QC_Status*,Finished Successfully,"50 bp run, pool 1",,121113,SN163,0482,BC1B32ACXX,1,RPI 06 GCCAAT,SR,SmallRNA,None,,,Pieter,20121116,Failed,No,,,,,,,,,GCCAAT,RPI
,1216,2047,RNAseqSebo,Sebo Withof <s.withof@umcg.nl>,*Bad GCC_QC_Status*,Finished Successfully,"50 bp run, pool 2",,121113,SN163,0482,BC1B32ACXX,2,RPI 01 ATCACG,SR,SmallRNA,None,,,Pieter,20121116,Failed,No,,,,,,,,,ATCACG,RPI
,1217,2052,RNAseqSebo,Sebo Withof <s.withof@umcg.nl>,*Bad GCC_QC_Status*,Finished Successfully,"50 bp run, pool 2",,121113,SN163,0482,BC1B32ACXX,2,RPI 06 GCCAAT,SR,SmallRNA,None,,,Pieter,20121116,Failed,No,,,,,,,,,GCCAAT,RPI
,1218,2053,RNAseqSebo,Sebo Withof <s.withof@umcg.nl>,*Bad GCC_QC_Status*,Finished Successfully,"50 bp run, pool 2",,121113,SN163,0482,BC1B32ACXX,2,RPI 07 CAGATC,SR,SmallRNA,None,,,Pieter,20121116,Failed,No,,,,,,,,,CAGATC,RPI
,1219,2054,RNAseqSebo,Sebo Withof <s.withof@umcg.nl>,*Bad GCC_QC_Status*,Finished Successfully,"50 bp run, pool 2",,121113,SN163,0482,BC1B32ACXX,2,RPI 08 ACTTGA,SR,SmallRNA,None,,,Pieter,20121116,Failed,No,,,,,,,,,ACTTGA,RPI
,1220,2056,RNAseqSebo,Sebo Withof <s.withof@umcg.nl>,*Bad GCC_QC_Status*,Finished Successfully,"50 bp run, pool 2",,121113,SN163,0482,BC1B32ACXX,2,RPI 10 TAGCTT,SR,SmallRNA,None,,,Pieter,20121116,Failed,No,,,,,,,,,TAGCTT,RPI
,1221,Serum_0103,RNAseqSebo,Sebo Withof <s.withof@umcg.nl>,*Bad GCC_QC_Status*,Finished Successfully,"50 bp run, pool 2",,121113,SN163,0482,BC1B32ACXX,2,RPI 34 CATGGC,SR,SmallRNA,None,,,Pieter,20121116,Failed,No,,,,,,,,,CATGGC,RPI
,1222,Granulocytes,RNAseqSebo,Sebo Withof <s.withof@umcg.nl>,*Bad GCC_QC_Status*,Finished Successfully,"50 bp run, pool 2",,121113,SN163,0482,BC1B32ACXX,2,RPI 31 CACGAT,SR,SmallRNA,None,,,Pieter,20121116,Failed,No,,,,,,,,,CACGAT,RPI
,1223,H2O,RNAseqSebo,Sebo Withof <s.withof@umcg.nl>,*Bad GCC_QC_Status*,Finished Successfully,"50 bp run, pool 2",,121113,SN163,0482,BC1B32ACXX,2,RPI 11 GGCTAC,SR,SmallRNA,None,,,Pieter,20121116,Failed,No,,,,,,,,,GGCTAC,RPI
,1224,T07_16098,RNAseqSebo,Sebo Withof <s.withof@umcg.nl>,*Bad GCC_QC_Status*,Finished Successfully,"50 bp run, pool 3",,121113,SN163,0482,BC1B32ACXX,3,RPI 13 AGTCAA,SR,SmallRNA,None,,,Pieter,20121116,Failed,No,,,,,,,,,AGTCAA,RPI
,1225,T07_17332,RNAseqSebo,Sebo Withof <s.withof@umcg.nl>,*Bad GCC_QC_Status*,Finished Successfully,"50 bp run, pool 3",,121113,SN163,0482,BC1B32ACXX,3,RPI 14 AGTTCC,SR,SmallRNA,None,,,Pieter,20121116,Failed,No,,,,,,,,,AGTTCC,RPI
,1226,T08_0617,RNAseqSebo,Sebo Withof <s.withof@umcg.nl>,*Bad GCC_QC_Status*,Finished Successfully,"50 bp run, pool 3",,121113,SN163,0482,BC1B32ACXX,3,RPI 15 ATGTCA,SR,SmallRNA,None,,,Pieter,20121116,Failed,No,,,,,,,,,ATGTCA,RPI
,1227,T06_16822,RNAseqSebo,Sebo Withof <s.withof@umcg.nl>,*Bad GCC_QC_Status*,Finished Successfully,"50 bp run, pool 3",,121113,SN163,0482,BC1B32ACXX,3,RPI 16 CCGTCC,SR,SmallRNA,None,,,Pieter,20121116,Failed,No,,,,,,,,,CCGTCC,RPI
,1228,T06_0601,RNAseqSebo,Sebo Withof <s.withof@umcg.nl>,*Bad GCC_QC_Status*,Finished Successfully,"50 bp run, pool 3",,121113,SN163,0482,BC1B32ACXX,3,RPI 17 GTAGAG,SR,SmallRNA,None,,,Pieter,20121116,Failed,No,,,,,,,,,GTAGAG,RPI
,1229,T03_62818,RNAseqSebo,Sebo Withof <s.withof@umcg.nl>,*Bad GCC_QC_Status*,Finished Successfully,"50 bp run, pool 4",,121113,SN163,0482,BC1B32ACXX,4,RPI 18 GTCCGC,SR,SmallRNA,None,,,Pieter,20121116,Failed,No,,,,,,,,,GTCCGC,RPI
,1230,T02_104821,RNAseqSebo,Sebo Withof <s.withof@umcg.nl>,*Bad GCC_QC_Status*,Finished Successfully,"50 bp run, pool 4",,121113,SN163,0482,BC1B32ACXX,4,RPI 19 GTGAAA,SR,SmallRNA,None,,,Pieter,20121116,Failed,No,,,,,,,,,GTGAAA,RPI
,1231,T97_13615,RNAseqSebo,Sebo Withof <s.withof@umcg.nl>,*Bad GCC_QC_Status*,Finished Successfully,"50 bp run, pool 4",,121113,SN163,0482,BC1B32ACXX,4,RPI 20 GTGGCC,SR,SmallRNA,None,,,Pieter,20121116,Failed,No,,,,,,,,,GTGGCC,RPI
,1232,T10_18095,RNAseqSebo,Sebo Withof <s.withof@umcg.nl>,*Bad GCC_QC_Status*,Finished Successfully,"50 bp run, pool 4",,121113,SN163,0482,BC1B32ACXX,4,RPI 21 GTTTCG,SR,SmallRNA,None,,,Pieter,20121116,Failed,No,,,,,,,,,GTTTCG,RPI
,1233,T09_20721,RNAseqSebo,Sebo Withof <s.withof@umcg.nl>,*Bad GCC_QC_Status*,Finished Successfully,"50 bp run, pool 4",,121113,SN163,0482,BC1B32ACXX,4,RPI 22 CGTACG,SR,SmallRNA,None,,,Pieter,20121116,Failed,No,,,,,,,,,CGTACG,RPI
,1234,T09_04104,RNAseqSebo,Sebo Withof <s.withof@umcg.nl>,*Bad GCC_QC_Status*,Finished Successfully,"50 bp run, pool 5",,121113,SN163,0482,BC1B32ACXX,5,RPI 23 GAGTGG,SR,SmallRNA,None,,,Pieter,20121116,Failed,No,,,,,,,,,GAGTGG,RPI
,1235,T09_15160,RNAseqSebo,Sebo Withof <s.withof@umcg.nl>,*Bad GCC_QC_Status*,Finished Successfully,"50 bp run, pool 5",,121113,SN163,0482,BC1B32ACXX,5,RPI 24 GGTAGC,SR,SmallRNA,None,,,Pieter,20121116,Failed,No,,,,,,,,,GGTAGC,RPI
,1236,T08_15966,RNAseqSebo,Sebo Withof <s.withof@umcg.nl>,*Bad GCC_QC_Status*,Finished Successfully,"50 bp run, pool 5",,121113,SN163,0482,BC1B32ACXX,5,RPI 25 ACTGAT,SR,SmallRNA,None,,,Pieter,20121116,Failed,No,,,,,,,,,ACTGAT,RPI
,1237,T05_15373,RNAseqSebo,Sebo Withof <s.withof@umcg.nl>,*Bad GCC_QC_Status*,Finished Successfully,"50 bp run, pool 5",,121113,SN163,0482,BC1B32ACXX,5,RPI 26 ATGAGC,SR,SmallRNA,None,,,Pieter,20121116,Failed,No,,,,,,,,,ATGAGC,RPI
,1238,T07_17380,RNAseqSebo,Sebo Withof <s.withof@umcg.nl>,*Bad GCC_QC_Status*,Finished Successfully,"50 bp run, pool 5",,121113,SN163,0482,BC1B32ACXX,5,RPI 27 ATTCCT,SR,SmallRNA,None,,,Pieter,20121116,Failed,No,,,,,,,,,ATTCCT,RPI
,1239,T09_15289,RNAseqSebo,Sebo Withof <s.withof@umcg.nl>,*Bad GCC_QC_Status*,Finished Successfully,"50 bp run, pool 6",,121113,SN163,0482,BC1B32ACXX,6,RPI 28 CAAAAG,SR,SmallRNA,None,,,Pieter,20121116,Failed,No,,,,,,,,,CAAAAG,RPI
,1240,T06_10848,RNAseqSebo,Sebo Withof <s.withof@umcg.nl>,*Bad GCC_QC_Status*,Finished Successfully,"50 bp run, pool 6",,121113,SN163,0482,BC1B32ACXX,6,RPI 29 CAACTA,SR,SmallRNA,None,,,Pieter,20121116,Failed,No,,,,,,,,,CAACTA,RPI
,1241,T02_01220,RNAseqSebo,Sebo Withof <s.withof@umcg.nl>,*Bad GCC_QC_Status*,Finished Successfully,"50 bp run, pool 6",,121113,SN163,0482,BC1B32ACXX,6,RPI 30 CACCGG,SR,SmallRNA,None,,,Pieter,20121116,Failed,No,,,,,,,,,CACCGG,RPI
,1242,n_CD4,RNAseqSebo,Sebo Withof <s.withof@umcg.nl>,*Bad GCC_QC_Status*,Finished Successfully,"50 bp run, pool 6",,121113,SN163,0482,BC1B32ACXX,6,RPI 31 CACGAT,SR,SmallRNA,None,,,Pieter,20121116,Failed,No,,,,,,,,,CACGAT,RPI
,1243,Granulocytes,RNAseqSebo,Sebo Withof <s.withof@umcg.nl>,*Bad GCC_QC_Status*,Finished Successfully,"50 bp run, pool 6",,121113,SN163,0482,BC1B32ACXX,6,RPI 05 ACAGTG,SR,SmallRNA,None,,,Pieter,20121116,Failed,No,,,,,,,,,ACAGTG,RPI
,1279,ctr2_tRNA_0h,RibosomeSeq,Cleo van Diemen <c.c.van.diemen@umcg.nl>,*Bad GCC_QC_Status*,Finished Successfully,"herhaling sample 973, 50 bp run, pool 14",,121113,SN163,0482,BC1B32ACXX,7,RPI 07 CAGATC,SR,SmallRNA,None,,,Pieter,20120920,Failed,No,,,,,,,,,CAGATC,RPI
,1280,ctr4_RPF_0h,RibosomeSeq,Cleo van Diemen <c.c.van.diemen@umcg.nl>,*Bad GCC_QC_Status*,Finished Successfully,"herhaling sample 974, 50 bp run, pool 14",,121113,SN163,0482,BC1B32ACXX,7,RPI 10 TAGCTT,SR,SmallRNA,None,,,Pieter,20120920,Failed,No,,,,,,,,,TAGCTT,RPI
,1281,uc1_tRNA_24h,RibosomeSeq,Cleo van Diemen <c.c.van.diemen@umcg.nl>,*Bad GCC_QC_Status*,Finished Successfully,"herhaling sample 975, 50 bp run, pool 14",,121113,SN163,0482,BC1B32ACXX,7,RPI 21 GTTTCG,SR,SmallRNA,None,,,Pieter,20120920,Failed,No,,,,,,,,,GTTTCG,RPI
,1282,ctr2_tRNA_24h,RibosomeSeq,Cleo van Diemen <c.c.van.diemen@umcg.nl>,*Bad GCC_QC_Status*,Finished Successfully,"herhaling sample 953, 50 bp run, pool 8",,121113,SN163,0482,BC1B32ACXX,8,RPI 09 GATCAG,SR,SmallRNA,None,,,Pieter,20120920,Failed,No,,,,,,,,,GATCAG,RPI
,1283,ctr4_tRNA_2h,RibosomeSeq,Cleo van Diemen <c.c.van.diemen@umcg.nl>,*Bad GCC_QC_Status*,Finished Successfully,"herhaling sample 954, 50 bp run, pool 8",,121113,SN163,0482,BC1B32ACXX,8,RPI 08 ACTTGA,SR,SmallRNA,None,,,Pieter,20120920,Failed,No,,,,,,,,,ACTTGA,RPI
,1284,ctr5_tRNA_24h,RibosomeSeq,Cleo van Diemen <c.c.van.diemen@umcg.nl>,*Bad GCC_QC_Status*,Finished Successfully,"herhaling sample 955, 50 bp run, pool 8",,121113,SN163,0482,BC1B32ACXX,8,RPI 21 GTTTCG,SR,SmallRNA,None,,,Pieter,20120920,Failed,No,,,,,,,,,GTTTCG,RPI
,1285,UC2_tRNA_24h,RibosomeSeq,Cleo van Diemen <c.c.van.diemen@umcg.nl>,*Bad GCC_QC_Status*,Finished Successfully,"herhaling sample 956, 50 bp run, pool 8",,121113,SN163,0482,BC1B32ACXX,8,RPI 15 ATGTCA,SR,SmallRNA,None,,,Pieter,20120920,Failed,No,,,,,,,,,ATGTCA,RPI