internalSampleID,externalSampleID,sampleID,library,project,contact,sequencer,sequencingStartDate,run,flowcell,lane,barcodeMenu,seqType,prepKit,capturingKit,GAF_QC_Name,GAF_QC_Date,GAF_QC_Status,GCC_Analysis,barcode,barcodeType,kmer
1198,AM1_400bp,AM1,400bp,Asobara_Japonica,Louis van de Zande <louis.van.de.zande@rug.nl>,SN163,130110,0486,AD1LMUACXX,7,GAF 01 AGAGAT,PE,NEB,None,Pieter,20130110,Passed,No,AGAGAT,GAF,73
1199,AM1_800bp,AM1,800bp,Asobara_Japonica,Louis van de Zande <louis.van.de.zande@rug.nl>,SN163,130110,0486,AD1LMUACXX,7,GAF 06 CAACCT,PE,NEB,None,Pieter,20130110,Passed,No,CAACCT,GAF,73
1201,KG1_400bp,KG1,400bp,Asobara_Japonica,Louis van de Zande <louis.van.de.zande@rug.nl>,SN163,130110,0486,AD1LMUACXX,7,GAF 03 TCAGTT,PE,NEB,None,Pieter,20130110,Passed,No,TCAGTT,GAF,73
1202,KG1_800bp,KG1,800bp,Asobara_Japonica,Louis van de Zande <louis.van.de.zande@rug.nl>,SN163,130110,0486,AD1LMUACXX,7,GAF 12 GGAACT,PE,NEB,None,Pieter,20130110,Passed,No,GGAACT,GAF,73
1198,AM1_400bp,AM1,400bp,Asobara_Japonica,Louis van de Zande <louis.van.de.zande@rug.nl>,SN163,130110,0486,AD1LMUACXX,8,GAF 01 AGAGAT,PE,NEB,None,Pieter,20130110,Passed,No,AGAGAT,GAF,73
1199,AM1_800bp,AM1,800bp,Asobara_Japonica,Louis van de Zande <louis.van.de.zande@rug.nl>,SN163,130110,0486,AD1LMUACXX,8,GAF 06 CAACCT,PE,NEB,None,Pieter,20130110,Passed,No,CAACCT,GAF,73
1201,KG1_400bp,KG1,400bp,Asobara_Japonica,Louis van de Zande <louis.van.de.zande@rug.nl>,SN163,130110,0486,AD1LMUACXX,8,GAF 03 TCAGTT,PE,NEB,None,Pieter,20130110,Passed,No,TCAGTT,GAF,73
1202,KG1_800bp,KG1,800bp,Asobara_Japonica,Louis van de Zande <louis.van.de.zande@rug.nl>,SN163,130110,0486,AD1LMUACXX,8,GAF 12 GGAACT,PE,NEB,None,Pieter,20130110,Passed,No,GGAACT,GAF,73
1198,AM1_400bp,AM1,400bp,Asobara_Japonica,Louis van de Zande <louis.van.de.zande@rug.nl>,SN163,130110,0486,AD1LMUACXX,7,GAF 01 AGAGAT,PE,NEB,None,Pieter,20130110,Passed,No,AGAGAT,GAF,75
1199,AM1_800bp,AM1,800bp,Asobara_Japonica,Louis van de Zande <louis.van.de.zande@rug.nl>,SN163,130110,0486,AD1LMUACXX,7,GAF 06 CAACCT,PE,NEB,None,Pieter,20130110,Passed,No,CAACCT,GAF,75
1201,KG1_400bp,KG1,400bp,Asobara_Japonica,Louis van de Zande <louis.van.de.zande@rug.nl>,SN163,130110,0486,AD1LMUACXX,7,GAF 03 TCAGTT,PE,NEB,None,Pieter,20130110,Passed,No,TCAGTT,GAF,75
1202,KG1_800bp,KG1,800bp,Asobara_Japonica,Louis van de Zande <louis.van.de.zande@rug.nl>,SN163,130110,0486,AD1LMUACXX,7,GAF 12 GGAACT,PE,NEB,None,Pieter,20130110,Passed,No,GGAACT,GAF,75
1198,AM1_400bp,AM1,400bp,Asobara_Japonica,Louis van de Zande <louis.van.de.zande@rug.nl>,SN163,130110,0486,AD1LMUACXX,8,GAF 01 AGAGAT,PE,NEB,None,Pieter,20130110,Passed,No,AGAGAT,GAF,75
1199,AM1_800bp,AM1,800bp,Asobara_Japonica,Louis van de Zande <louis.van.de.zande@rug.nl>,SN163,130110,0486,AD1LMUACXX,8,GAF 06 CAACCT,PE,NEB,None,Pieter,20130110,Passed,No,CAACCT,GAF,75
1201,KG1_400bp,KG1,400bp,Asobara_Japonica,Louis van de Zande <louis.van.de.zande@rug.nl>,SN163,130110,0486,AD1LMUACXX,8,GAF 03 TCAGTT,PE,NEB,None,Pieter,20130110,Passed,No,TCAGTT,GAF,75
1202,KG1_800bp,KG1,800bp,Asobara_Japonica,Louis van de Zande <louis.van.de.zande@rug.nl>,SN163,130110,0486,AD1LMUACXX,8,GAF 12 GGAACT,PE,NEB,None,Pieter,20130110,Passed,No,GGAACT,GAF,75
1198,AM1_400bp,AM1,400bp,Asobara_Japonica,Louis van de Zande <louis.van.de.zande@rug.nl>,SN163,130110,0486,AD1LMUACXX,7,GAF 01 AGAGAT,PE,NEB,None,Pieter,20130110,Passed,No,AGAGAT,GAF,77
1199,AM1_800bp,AM1,800bp,Asobara_Japonica,Louis van de Zande <louis.van.de.zande@rug.nl>,SN163,130110,0486,AD1LMUACXX,7,GAF 06 CAACCT,PE,NEB,None,Pieter,20130110,Passed,No,CAACCT,GAF,77
1201,KG1_400bp,KG1,400bp,Asobara_Japonica,Louis van de Zande <louis.van.de.zande@rug.nl>,SN163,130110,0486,AD1LMUACXX,7,GAF 03 TCAGTT,PE,NEB,None,Pieter,20130110,Passed,No,TCAGTT,GAF,77
1202,KG1_800bp,KG1,800bp,Asobara_Japonica,Louis van de Zande <louis.van.de.zande@rug.nl>,SN163,130110,0486,AD1LMUACXX,7,GAF 12 GGAACT,PE,NEB,None,Pieter,20130110,Passed,No,GGAACT,GAF,77
1198,AM1_400bp,AM1,400bp,Asobara_Japonica,Louis van de Zande <louis.van.de.zande@rug.nl>,SN163,130110,0486,AD1LMUACXX,8,GAF 01 AGAGAT,PE,NEB,None,Pieter,20130110,Passed,No,AGAGAT,GAF,77
1199,AM1_800bp,AM1,800bp,Asobara_Japonica,Louis van de Zande <louis.van.de.zande@rug.nl>,SN163,130110,0486,AD1LMUACXX,8,GAF 06 CAACCT,PE,NEB,None,Pieter,20130110,Passed,No,CAACCT,GAF,77
1201,KG1_400bp,KG1,400bp,Asobara_Japonica,Louis van de Zande <louis.van.de.zande@rug.nl>,SN163,130110,0486,AD1LMUACXX,8,GAF 03 TCAGTT,PE,NEB,None,Pieter,20130110,Passed,No,TCAGTT,GAF,77
1202,KG1_800bp,KG1,800bp,Asobara_Japonica,Louis van de Zande <louis.van.de.zande@rug.nl>,SN163,130110,0486,AD1LMUACXX,8,GAF 12 GGAACT,PE,NEB,None,Pieter,20130110,Passed,No,GGAACT,GAF,77
1198,AM1_400bp,AM1,400bp,Asobara_Japonica,Louis van de Zande <louis.van.de.zande@rug.nl>,SN163,130110,0486,AD1LMUACXX,7,GAF 01 AGAGAT,PE,NEB,None,Pieter,20130110,Passed,No,AGAGAT,GAF,79
1199,AM1_800bp,AM1,800bp,Asobara_Japonica,Louis van de Zande <louis.van.de.zande@rug.nl>,SN163,130110,0486,AD1LMUACXX,7,GAF 06 CAACCT,PE,NEB,None,Pieter,20130110,Passed,No,CAACCT,GAF,79
1201,KG1_400bp,KG1,400bp,Asobara_Japonica,Louis van de Zande <louis.van.de.zande@rug.nl>,SN163,130110,0486,AD1LMUACXX,7,GAF 03 TCAGTT,PE,NEB,None,Pieter,20130110,Passed,No,TCAGTT,GAF,79
1202,KG1_800bp,KG1,800bp,Asobara_Japonica,Louis van de Zande <louis.van.de.zande@rug.nl>,SN163,130110,0486,AD1LMUACXX,7,GAF 12 GGAACT,PE,NEB,None,Pieter,20130110,Passed,No,GGAACT,GAF,79
1198,AM1_400bp,AM1,400bp,Asobara_Japonica,Louis van de Zande <louis.van.de.zande@rug.nl>,SN163,130110,0486,AD1LMUACXX,8,GAF 01 AGAGAT,PE,NEB,None,Pieter,20130110,Passed,No,AGAGAT,GAF,79
1199,AM1_800bp,AM1,800bp,Asobara_Japonica,Louis van de Zande <louis.van.de.zande@rug.nl>,SN163,130110,0486,AD1LMUACXX,8,GAF 06 CAACCT,PE,NEB,None,Pieter,20130110,Passed,No,CAACCT,GAF,79
1201,KG1_400bp,KG1,400bp,Asobara_Japonica,Louis van de Zande <louis.van.de.zande@rug.nl>,SN163,130110,0486,AD1LMUACXX,8,GAF 03 TCAGTT,PE,NEB,None,Pieter,20130110,Passed,No,TCAGTT,GAF,79
1202,KG1_800bp,KG1,800bp,Asobara_Japonica,Louis van de Zande <louis.van.de.zande@rug.nl>,SN163,130110,0486,AD1LMUACXX,8,GAF 12 GGAACT,PE,NEB,None,Pieter,20130110,Passed,No,GGAACT,GAF,79
1198,AM1_400bp,AM1,400bp,Asobara_Japonica,Louis van de Zande <louis.van.de.zande@rug.nl>,SN163,130110,0486,AD1LMUACXX,7,GAF 01 AGAGAT,PE,NEB,None,Pieter,20130110,Passed,No,AGAGAT,GAF,81
1199,AM1_800bp,AM1,800bp,Asobara_Japonica,Louis van de Zande <louis.van.de.zande@rug.nl>,SN163,130110,0486,AD1LMUACXX,7,GAF 06 CAACCT,PE,NEB,None,Pieter,20130110,Passed,No,CAACCT,GAF,81
1201,KG1_400bp,KG1,400bp,Asobara_Japonica,Louis van de Zande <louis.van.de.zande@rug.nl>,SN163,130110,0486,AD1LMUACXX,7,GAF 03 TCAGTT,PE,NEB,None,Pieter,20130110,Passed,No,TCAGTT,GAF,81
1202,KG1_800bp,KG1,800bp,Asobara_Japonica,Louis van de Zande <louis.van.de.zande@rug.nl>,SN163,130110,0486,AD1LMUACXX,7,GAF 12 GGAACT,PE,NEB,None,Pieter,20130110,Passed,No,GGAACT,GAF,81
1198,AM1_400bp,AM1,400bp,Asobara_Japonica,Louis van de Zande <louis.van.de.zande@rug.nl>,SN163,130110,0486,AD1LMUACXX,8,GAF 01 AGAGAT,PE,NEB,None,Pieter,20130110,Passed,No,AGAGAT,GAF,81
1199,AM1_800bp,AM1,800bp,Asobara_Japonica,Louis van de Zande <louis.van.de.zande@rug.nl>,SN163,130110,0486,AD1LMUACXX,8,GAF 06 CAACCT,PE,NEB,None,Pieter,20130110,Passed,No,CAACCT,GAF,81
1201,KG1_400bp,KG1,400bp,Asobara_Japonica,Louis van de Zande <louis.van.de.zande@rug.nl>,SN163,130110,0486,AD1LMUACXX,8,GAF 03 TCAGTT,PE,NEB,None,Pieter,20130110,Passed,No,TCAGTT,GAF,81
1202,KG1_800bp,KG1,800bp,Asobara_Japonica,Louis van de Zande <louis.van.de.zande@rug.nl>,SN163,130110,0486,AD1LMUACXX,8,GAF 12 GGAACT,PE,NEB,None,Pieter,20130110,Passed,No,GGAACT,GAF,81