externalSampleID,sampleID,library,project,contact,sequencer,sequencingStartDate,run,flowcell,lane,barcodeMenu,seqType,prepKit,capturingKit,barcode,barcodeType,kmer
AM1_400bp,AM1,400bp,Asobara_Japonica,Louis van de Zande <louis.van.de.zande@rug.nl>,SN163,130110,0486,AD1LMUACXX,7,GAF 01 AGAGAT,PE,NEB,None,AGAGAT,GAF,73
AM1_800bp,AM1,800bp,Asobara_Japonica,Louis van de Zande <louis.van.de.zande@rug.nl>,SN163,130110,0486,AD1LMUACXX,7,GAF 06 CAACCT,PE,NEB,None,CAACCT,GAF,73
KG1_400bp,KG1,400bp,Asobara_Japonica,Louis van de Zande <louis.van.de.zande@rug.nl>,SN163,130110,0486,AD1LMUACXX,7,GAF 03 TCAGTT,PE,NEB,None,TCAGTT,GAF,73
KG1_800bp,KG1,800bp,Asobara_Japonica,Louis van de Zande <louis.van.de.zande@rug.nl>,SN163,130110,0486,AD1LMUACXX,7,GAF 12 GGAACT,PE,NEB,None,GGAACT,GAF,73
AM1_400bp,AM1,400bp,Asobara_Japonica,Louis van de Zande <louis.van.de.zande@rug.nl>,SN163,130110,0486,AD1LMUACXX,8,GAF 01 AGAGAT,PE,NEB,None,AGAGAT,GAF,73
AM1_800bp,AM1,800bp,Asobara_Japonica,Louis van de Zande <louis.van.de.zande@rug.nl>,SN163,130110,0486,AD1LMUACXX,8,GAF 06 CAACCT,PE,NEB,None,CAACCT,GAF,73
KG1_400bp,KG1,400bp,Asobara_Japonica,Louis van de Zande <louis.van.de.zande@rug.nl>,SN163,130110,0486,AD1LMUACXX,8,GAF 03 TCAGTT,PE,NEB,None,TCAGTT,GAF,73
KG1_800bp,KG1,800bp,Asobara_Japonica,Louis van de Zande <louis.van.de.zande@rug.nl>,SN163,130110,0486,AD1LMUACXX,8,GAF 12 GGAACT,PE,NEB,None,GGAACT,GAF,73
AM1_400bp,AM1,400bp,Asobara_Japonica,Louis van de Zande <louis.van.de.zande@rug.nl>,SN163,130110,0486,AD1LMUACXX,7,GAF 01 AGAGAT,PE,NEB,None,AGAGAT,GAF,75
AM1_800bp,AM1,800bp,Asobara_Japonica,Louis van de Zande <louis.van.de.zande@rug.nl>,SN163,130110,0486,AD1LMUACXX,7,GAF 06 CAACCT,PE,NEB,None,CAACCT,GAF,75
KG1_400bp,KG1,400bp,Asobara_Japonica,Louis van de Zande <louis.van.de.zande@rug.nl>,SN163,130110,0486,AD1LMUACXX,7,GAF 03 TCAGTT,PE,NEB,None,TCAGTT,GAF,75
KG1_800bp,KG1,800bp,Asobara_Japonica,Louis van de Zande <louis.van.de.zande@rug.nl>,SN163,130110,0486,AD1LMUACXX,7,GAF 12 GGAACT,PE,NEB,None,GGAACT,GAF,75
AM1_400bp,AM1,400bp,Asobara_Japonica,Louis van de Zande <louis.van.de.zande@rug.nl>,SN163,130110,0486,AD1LMUACXX,8,GAF 01 AGAGAT,PE,NEB,None,AGAGAT,GAF,75
AM1_800bp,AM1,800bp,Asobara_Japonica,Louis van de Zande <louis.van.de.zande@rug.nl>,SN163,130110,0486,AD1LMUACXX,8,GAF 06 CAACCT,PE,NEB,None,CAACCT,GAF,75
KG1_400bp,KG1,400bp,Asobara_Japonica,Louis van de Zande <louis.van.de.zande@rug.nl>,SN163,130110,0486,AD1LMUACXX,8,GAF 03 TCAGTT,PE,NEB,None,TCAGTT,GAF,75
KG1_800bp,KG1,800bp,Asobara_Japonica,Louis van de Zande <louis.van.de.zande@rug.nl>,SN163,130110,0486,AD1LMUACXX,8,GAF 12 GGAACT,PE,NEB,None,GGAACT,GAF,75
AM1_400bp,AM1,400bp,Asobara_Japonica,Louis van de Zande <louis.van.de.zande@rug.nl>,SN163,130110,0486,AD1LMUACXX,7,GAF 01 AGAGAT,PE,NEB,None,AGAGAT,GAF,77
AM1_800bp,AM1,800bp,Asobara_Japonica,Louis van de Zande <louis.van.de.zande@rug.nl>,SN163,130110,0486,AD1LMUACXX,7,GAF 06 CAACCT,PE,NEB,None,CAACCT,GAF,77
KG1_400bp,KG1,400bp,Asobara_Japonica,Louis van de Zande <louis.van.de.zande@rug.nl>,SN163,130110,0486,AD1LMUACXX,7,GAF 03 TCAGTT,PE,NEB,None,TCAGTT,GAF,77
KG1_800bp,KG1,800bp,Asobara_Japonica,Louis van de Zande <louis.van.de.zande@rug.nl>,SN163,130110,0486,AD1LMUACXX,7,GAF 12 GGAACT,PE,NEB,None,GGAACT,GAF,77
AM1_400bp,AM1,400bp,Asobara_Japonica,Louis van de Zande <louis.van.de.zande@rug.nl>,SN163,130110,0486,AD1LMUACXX,8,GAF 01 AGAGAT,PE,NEB,None,AGAGAT,GAF,77
AM1_800bp,AM1,800bp,Asobara_Japonica,Louis van de Zande <louis.van.de.zande@rug.nl>,SN163,130110,0486,AD1LMUACXX,8,GAF 06 CAACCT,PE,NEB,None,CAACCT,GAF,77
KG1_400bp,KG1,400bp,Asobara_Japonica,Louis van de Zande <louis.van.de.zande@rug.nl>,SN163,130110,0486,AD1LMUACXX,8,GAF 03 TCAGTT,PE,NEB,None,TCAGTT,GAF,77
KG1_800bp,KG1,800bp,Asobara_Japonica,Louis van de Zande <louis.van.de.zande@rug.nl>,SN163,130110,0486,AD1LMUACXX,8,GAF 12 GGAACT,PE,NEB,None,GGAACT,GAF,77
AM1_400bp,AM1,400bp,Asobara_Japonica,Louis van de Zande <louis.van.de.zande@rug.nl>,SN163,130110,0486,AD1LMUACXX,7,GAF 01 AGAGAT,PE,NEB,None,AGAGAT,GAF,79
AM1_800bp,AM1,800bp,Asobara_Japonica,Louis van de Zande <louis.van.de.zande@rug.nl>,SN163,130110,0486,AD1LMUACXX,7,GAF 06 CAACCT,PE,NEB,None,CAACCT,GAF,79
KG1_400bp,KG1,400bp,Asobara_Japonica,Louis van de Zande <louis.van.de.zande@rug.nl>,SN163,130110,0486,AD1LMUACXX,7,GAF 03 TCAGTT,PE,NEB,None,TCAGTT,GAF,79
KG1_800bp,KG1,800bp,Asobara_Japonica,Louis van de Zande <louis.van.de.zande@rug.nl>,SN163,130110,0486,AD1LMUACXX,7,GAF 12 GGAACT,PE,NEB,None,GGAACT,GAF,79
AM1_400bp,AM1,400bp,Asobara_Japonica,Louis van de Zande <louis.van.de.zande@rug.nl>,SN163,130110,0486,AD1LMUACXX,8,GAF 01 AGAGAT,PE,NEB,None,AGAGAT,GAF,79
AM1_800bp,AM1,800bp,Asobara_Japonica,Louis van de Zande <louis.van.de.zande@rug.nl>,SN163,130110,0486,AD1LMUACXX,8,GAF 06 CAACCT,PE,NEB,None,CAACCT,GAF,79
KG1_400bp,KG1,400bp,Asobara_Japonica,Louis van de Zande <louis.van.de.zande@rug.nl>,SN163,130110,0486,AD1LMUACXX,8,GAF 03 TCAGTT,PE,NEB,None,TCAGTT,GAF,79
KG1_800bp,KG1,800bp,Asobara_Japonica,Louis van de Zande <louis.van.de.zande@rug.nl>,SN163,130110,0486,AD1LMUACXX,8,GAF 12 GGAACT,PE,NEB,None,GGAACT,GAF,79
AM1_400bp,AM1,400bp,Asobara_Japonica,Louis van de Zande <louis.van.de.zande@rug.nl>,SN163,130110,0486,AD1LMUACXX,7,GAF 01 AGAGAT,PE,NEB,None,AGAGAT,GAF,81
AM1_800bp,AM1,800bp,Asobara_Japonica,Louis van de Zande <louis.van.de.zande@rug.nl>,SN163,130110,0486,AD1LMUACXX,7,GAF 06 CAACCT,PE,NEB,None,CAACCT,GAF,81
KG1_400bp,KG1,400bp,Asobara_Japonica,Louis van de Zande <louis.van.de.zande@rug.nl>,SN163,130110,0486,AD1LMUACXX,7,GAF 03 TCAGTT,PE,NEB,None,TCAGTT,GAF,81
KG1_800bp,KG1,800bp,Asobara_Japonica,Louis van de Zande <louis.van.de.zande@rug.nl>,SN163,130110,0486,AD1LMUACXX,7,GAF 12 GGAACT,PE,NEB,None,GGAACT,GAF,81
AM1_400bp,AM1,400bp,Asobara_Japonica,Louis van de Zande <louis.van.de.zande@rug.nl>,SN163,130110,0486,AD1LMUACXX,8,GAF 01 AGAGAT,PE,NEB,None,AGAGAT,GAF,81
AM1_800bp,AM1,800bp,Asobara_Japonica,Louis van de Zande <louis.van.de.zande@rug.nl>,SN163,130110,0486,AD1LMUACXX,8,GAF 06 CAACCT,PE,NEB,None,CAACCT,GAF,81
KG1_400bp,KG1,400bp,Asobara_Japonica,Louis van de Zande <louis.van.de.zande@rug.nl>,SN163,130110,0486,AD1LMUACXX,8,GAF 03 TCAGTT,PE,NEB,None,TCAGTT,GAF,81
KG1_800bp,KG1,800bp,Asobara_Japonica,Louis van de Zande <louis.van.de.zande@rug.nl>,SN163,130110,0486,AD1LMUACXX,8,GAF 12 GGAACT,PE,NEB,None,GGAACT,GAF,81